<?xml version="1.0" encoding="UTF-8"?>
<project-private xmlns="http://www.netbeans.org/ns/project-private/1">
    <editor-bookmarks xmlns="http://www.netbeans.org/ns/editor-bookmarks/2" lastBookmarkId="0"/>
    <open-files xmlns="http://www.netbeans.org/ns/projectui-open-files/2">
        <group>
            <file>file:/home/object/NetBeansProjects/EjemploHerencia/src/ejemploherencia/Mamifero.java</file>
            <file>file:/home/object/NetBeansProjects/EjemploHerencia/src/ejemploherencia/Gato.java</file>
            <file>file:/home/object/NetBeansProjects/EjemploHerencia/src/ejemploherencia/Viviparo.java</file>
            <file>file:/home/object/NetBeansProjects/EjemploHerencia/src/ejemploherencia/Animal.java</file>
        </group>
    </open-files>
</project-private>
